UniqueCount	AmbigCount
0	247231
0	103109
0	2280778
0	11031
0	156609
0	6785323
0	203
0	35
0	57
0	1733
0	56
0	385
0	0
0	403
0	499
0	1
0	1
0	1053
0	29
0	5564
0	111
0	5436
0	1581
0	352
0	109
0	483
0	1700
0	450
0	195
0	78
0	178
0	277
0	273
0	210
0	0
0	5765
0	518
0	700
0	163
0	109
0	0
0	282
0	1185
0	0
0	58
0	7250
0	844
0	623
0	109
0	288
0	1672
0	0
0	293
0	0
0	444
0	0
0	152
0	109
0	75
0	604
0	550
0	8
0	7
0	5
0	1231
0	80
0	73
0	7
0	1007
0	0
0	39
0	13011
0	584
0	1857
0	37
0	11
0	0
0	184
0	0
0	109
0	0
0	285
0	171
0	14320
0	234
0	471
0	154
0	205
0	517
0	9699
0	120
0	516
0	25
0	1799
0	42
0	78
0	1922
0	760
0	0
0	370
0	105
0	187
0	21
0	811
0	201
0	0
0	291
0	0
0	18
0	17
0	0
0	13
0	15
0	39468
0	0
0	202
0	328
0	164
0	228
0	23
0	0
0	249
0	523
0	206
0	1861
0	924
0	0
0	55
0	12215
0	805
0	0
0	0
0	49
0	143
0	40
0	27598
0	45
0	0
0	34
0	77
0	560
0	84
0	1868
0	0
0	0
0	115
0	96
0	0
0	7
0	0
0	632
0	59
0	34
0	167
0	504
0	172
0	0
0	8
0	53
0	0
0	229
0	887
0	13
0	0
0	188
0	0
0	2222
0	295
0	258
0	0
0	327
0	1
0	148
0	593
0	6
0	73
0	265
0	264
0	95
0	0
0	364
0	0
0	4588
0	1088
0	484
0	0
0	0
0	1122
0	417
0	30
0	116
0	0
0	471
0	430
0	0
0	34
0	203
0	388
0	861
0	0
0	2
0	0
0	65
0	0
0	18
0	3612
0	0
0	194
0	292
0	0
0	0
0	4
0	5
0	61
0	25
0	3322
0	21462
0	186
0	14
0	0
0	1
0	331
0	111
0	0
0	120
0	24467
0	0
0	132
0	0
0	281
0	421
0	2
0	215
0	199
0	0
0	60
0	223
0	215
0	197
0	285
0	139
0	348
0	2
0	2
0	59
0	157
0	93
0	0
0	252
0	142
0	277
0	504
0	0
0	0
0	0
0	46
0	10
0	122
0	251
0	191
0	0
0	237
0	223
0	1271
0	153
0	0
0	77
0	166
0	698
0	0
0	90
0	167
0	638
0	447
0	1
0	342
0	223
0	204
0	310
0	595
0	903
0	1432
0	1039
0	9215
0	92
0	0
0	0
0	268
0	20
0	0
0	2229
0	985
0	0
0	6090
0	613
0	0
0	755
0	479
0	0
0	0
0	705
0	38
0	52
0	283
0	362
0	11
0	780
0	227
0	41
0	38
0	524
0	0
0	108
0	1256
0	202
0	1086
0	176
0	208
0	0
0	0
0	0
0	674
0	12
0	0
0	453
0	2795
0	958
0	123
0	424
0	351
0	17
0	4
0	198
0	0
0	13695
0	162
0	0
0	3
0	203
0	59
0	169
0	144
0	0
0	40
0	517
0	0
0	336
0	735
0	2430
0	6
0	361
0	451
0	1
0	451
0	0
0	38
0	880
0	554
0	270
0	215
0	147
0	259
0	136
0	324
0	0
0	163
0	1
0	0
0	166
0	97
0	1
0	0
0	85
0	105
0	555
0	66
0	5304
0	664
0	12302
0	140757
0	263
0	195
0	297
0	915
0	97
0	788
0	0
0	114
0	251
0	157
0	0
0	1146
0	0
0	140
0	261
0	50
0	0
0	6
0	288
0	0
0	2652
0	68
0	2244
0	148
0	0
0	94
0	406
0	146
0	37
0	326
0	683
0	96
0	0
0	0
0	31
0	63
0	0
0	0
0	2
0	0
0	10
0	2449
0	55
0	262
0	325
0	145
0	0
0	377
0	0
0	0
0	253
0	4190
0	204
0	950
0	1588
0	57
0	8
0	1678
0	4
0	36
0	44
0	263
0	53
0	0
0	144
0	14837
0	3
0	114
0	960
0	367
0	4329
0	0
0	566
0	9
0	2845
0	124
0	0
0	118
0	0
0	9689
0	1
0	285
0	0
0	159
0	18
0	8
0	398
0	6915
0	33
0	605
0	0
0	0
0	254
0	1736
0	23166
0	1145
0	0
0	123
0	852
0	112
0	732
0	0
0	155
0	17
0	928
0	0
0	1
0	34
0	1
0	302
0	272
0	72
0	8
0	5
0	309
0	5
0	6625
0	11
0	469
0	39
0	273
0	44
0	0
0	0
0	447
0	0
0	121
0	397
0	0
0	0
0	734
0	0
0	946
0	98
0	79
0	317
0	780
0	0
0	320
0	23
0	237
0	127
0	142
0	966
0	101
0	0
0	347
0	1744
0	49
0	1293
0	104
0	218
0	242
0	5
0	15
0	3468
0	2330
0	272
0	91
0	120
0	56
0	475
0	299
0	15
0	10626
0	0
0	27
0	0
0	629
0	102
0	131
0	441
0	196
0	0
0	715
0	7
0	582
0	195
0	5
0	0
0	11
0	86305
0	0
0	193
0	0
0	348
0	60
0	15
0	163
0	0
0	1524
0	18
0	1599
0	292
0	1
0	0
0	35
0	42
0	1252
0	379
0	270
0	15193
0	106
0	0
0	0
0	330
0	209
0	227
0	286
0	42309
0	86
0	1148
0	15
0	120
0	143
0	31
0	84
0	152
0	108
0	9848
0	299
0	105
0	0
0	44
0	183
0	369
0	212
0	0
0	200
0	9
0	0
0	404
0	0
0	0
0	0
0	89
0	1152
0	0
0	1
0	0
0	105
0	451
0	0
0	364
0	1
0	1223
0	719
0	65
0	316
0	580
0	0
0	113
0	47
0	0
0	0
0	0
0	263
0	0
0	1006
0	0
0	175
0	118
0	306
0	64
0	122
0	39
0	0
0	53
0	947
0	203
0	42
0	650
0	107
0	7
0	23
0	446
0	749
0	174
0	0
0	3
0	8212
0	139
0	1155
0	126
0	260
0	901
0	222
0	6046
0	0
0	1142
0	13023
0	64
0	5
0	17
0	307
0	1
0	104
0	182
0	59
0	60
0	173
0	999
0	741
0	3
0	1513
0	344
0	1
0	0
0	0
0	9
0	136
0	0
0	55
0	207
0	150
0	66
0	226
0	252
0	3057
0	167
0	1044
0	237
0	580
0	2273
0	627
0	13
0	427
0	1073
0	5
0	2148
0	216
0	377
0	41
0	46
0	0
0	59
0	0
0	1207
0	229
0	0
0	722
0	396
0	19722
0	238
0	56
0	24
0	1
0	0
0	0
0	130
0	286
0	40
0	371
0	0
0	52
0	1023
0	0
0	40
0	116
0	0
0	783
0	3103
0	0
0	629
0	0
0	598
0	225
0	0
0	1
0	224
0	103
0	248
0	3
0	0
0	0
0	0
0	306
0	9
0	1889
0	110
0	1
0	544
0	449
0	200
0	2
0	1
0	165
0	93
0	92
0	0
0	1
0	0
0	245
0	188
0	203
0	203
0	593
0	1117
0	0
0	57
0	907
0	1441
0	115
0	117
0	0
0	1602
0	25
0	18
0	73
0	3892
0	25
0	539
0	1646
0	15
0	1308
0	74
0	47
0	395
0	30
0	624
0	301
0	44
0	52
0	569
0	376
0	250
0	2556
0	9
0	88
0	332
0	132
0	1538
0	2347
0	154
0	27
0	153
0	0
0	8
0	719
0	1314
0	290
0	229
0	1404
0	1237
0	473
0	84
0	0
0	346
0	3056
0	5
0	30
0	0
0	10
0	1
0	2162
0	1329
0	1912
0	230
0	0
0	300
0	11577
0	681
0	43
0	13639
0	9
0	32
0	0
0	119
0	0
0	74
0	411
0	0
0	184
0	1338
0	385
0	0
0	0
0	12860
0	0
0	140
0	0
0	0
0	239
0	803
0	54
0	8457
0	0
0	4717
0	2487
0	41
0	455
0	89
0	0
0	82
0	0
0	398
0	12
0	113
0	1886
0	10
0	1217
0	0
0	437
0	111
0	75
0	449
0	0
0	138
0	6
0	363
0	42
0	0
0	351
0	148
0	0
0	145
0	278
0	217
0	542
0	448
0	40
0	138
0	7678
0	809
0	98
0	16
0	5
0	278
0	479
0	77
0	1241
0	0
0	41
0	22
0	33208
0	194
0	363
0	0
0	333
0	1437
0	184
0	443
0	256
0	155
0	33
0	0
0	97
0	0
0	0
0	439
0	0
0	199
0	811
0	65
0	191
0	405
0	34
0	11968
0	576
0	0
0	987
0	340
0	353
0	72
0	0
0	1
0	5454
0	7931
0	48
0	176
0	1231
0	0
0	210
0	428
0	107
0	228
0	0
0	75
0	196
0	0
0	98
0	777
0	0
0	0
0	355
0	0
0	0
0	26
0	106
0	0
0	4791
0	55
0	142
0	108
0	93
0	27
0	948
0	76
0	0
0	0
0	64
0	174
0	65
0	926
0	187
0	111
0	137
0	4905
0	0
0	0
0	1
0	8389
0	421
0	552
0	374
0	76
0	175
0	1175
0	0
0	4229
0	349
0	7407
0	0
0	493
0	4
0	27
0	3731
0	89
0	0
0	2462
0	0
0	199
0	1051
0	129
0	45
0	140
0	0
0	450
0	298
0	835
0	62
0	278
0	31
0	31
0	58862
0	134
0	109
0	3287
0	3353
0	0
0	4278
0	95
0	19
0	125
0	0
0	0
0	4
0	284
0	150
0	6463
0	0
0	398
0	240
0	67
0	418
0	843
0	187
0	84
0	71
0	21
0	74
0	9
0	106
0	174
0	0
0	15
0	6
0	44
0	1589
0	407
0	2496
0	108
0	62826
0	1669
0	21
0	83
0	197
0	688
0	20
0	0
0	92
0	43
0	277
0	66
0	345
0	1405
0	0
0	0
0	525
0	68
0	4
0	70
0	4008
0	113
0	4
0	16
0	1265
0	3451
0	5411
0	8
0	6
0	0
0	0
0	0
0	400
0	5
0	164
0	89
0	2
0	408
0	4
0	0
0	5739
0	400
0	204
0	382
0	221
0	2032
0	379
0	16926
0	0
0	0
0	2844
0	910
0	7407
0	103
0	190
0	1541
0	0
0	345
0	1088
0	0
0	5
0	1912
0	569
0	4698
0	0
0	673
0	0
0	0
0	0
0	130
0	570
0	24
0	0
0	312
0	447
0	2191
0	108
0	1597
0	0
0	627
0	0
0	995
0	95
0	0
0	866
0	233
0	373
0	0
0	2621
0	1057
0	79
0	0
0	142
0	2
0	0
0	278
0	456
0	0
0	8193
0	658
0	103
0	342
0	597
0	489
0	639
0	485
0	0
0	61
0	307
0	263
0	366
0	7994
0	174
0	552
0	1080
0	12382
0	76
0	3683
0	19
0	34
0	188
0	0
0	4
0	0
0	398
0	406
0	2719
0	273
0	6
0	0
0	69625
0	0
0	53
0	0
0	0
0	14
0	37
0	137
0	491
0	1
0	447
0	61
0	1047
0	0
0	1779
0	253
0	763
0	0
0	47
0	17076
0	27
0	179
0	121
0	1085
0	269
0	163
0	68
0	468
0	146
0	81
0	81
0	1913
0	25
0	439
0	73
0	197
0	286
0	1836
0	4130
0	14
0	14718
0	24294
0	115
0	2679
0	0
0	1
0	3
0	0
0	742
0	1478
0	910
0	0
0	418
0	6645
0	1765
0	59
0	313
0	273
0	0
0	588
0	0
0	0
0	32
0	318
0	0
0	299
0	597
0	1570
0	0
0	4206
0	839
0	69
0	837
0	0
0	524
0	0
0	2407
0	21
0	1187
0	216
0	327
0	5850
0	637
0	774
0	773
0	0
0	28
0	15307
0	360
0	120
0	0
0	0
0	5
0	1549
0	426
0	81
0	188
0	153
0	150
0	2
0	437
0	9
0	145
0	748
0	0
0	57
0	1362
0	209
0	89
0	1705
0	1831
0	347
0	2
0	22
0	21
0	1352
0	640
0	416
0	125
0	1285
0	180
0	444
0	65
0	28
0	356
0	4701
0	113
0	72
0	35
0	760
0	1121
0	129
0	37
0	1699
0	192
0	5
0	783
0	123
0	401
0	28
0	257
0	1
0	936
0	170
0	77
0	0
0	1203
0	3989
0	141
0	537
0	1963
0	13
0	0
0	16
0	244
0	187
0	20590
0	174
0	754
0	1307
0	93
0	442
0	15
0	1002
0	3725
0	277
0	4935
0	139
0	99
0	84
0	1507
0	18
0	110
0	0
0	0
0	129
0	0
0	322
0	15
0	12982
0	2076
0	25
0	212
0	2789
0	81
0	144
0	943
0	189
0	0
0	117
0	5059
0	3013
0	175
0	0
0	6807
0	0
0	51
0	14
0	3640
0	46
0	1773
0	15
0	0
0	0
0	195
0	0
0	100
0	206
0	555
0	0
0	0
0	25
0	521
0	478
0	66
0	193
0	27
0	1627
0	303
0	22
0	600
0	1
0	153
0	41
0	267
0	0
0	453
0	94
0	109
0	59
0	0
0	326
0	175
0	0
0	270
0	0
0	65
0	184
0	116
0	936
0	103
0	115
0	201
0	175
0	0
0	5
0	264
0	121
0	3
0	27
0	389
0	346
0	164
0	89
0	0
0	0
0	1002
0	24
0	66
0	273
0	528
0	20870
0	192
0	1
0	58
0	2153
0	1747
0	374
0	575
0	277
0	2
0	25
0	154
0	338
0	26
0	0
0	61
0	214
0	376
0	4735
0	0
0	1
0	116
0	0
0	0
0	0
0	0
0	499
0	603
0	91
0	104
0	15027
0	0
0	220
0	146
0	34
0	797
0	0
0	0
0	214
0	50
0	1054
0	347
0	437
0	329
0	23
0	88
0	14
0	1592
0	0
0	1328
0	0
0	6
0	0
0	44
0	36719
0	115
0	48
0	57
0	4460
0	2
0	148367
0	0
0	9
0	461
0	349
0	418
0	1
0	388
0	66
0	81
0	275
0	637
0	2
0	2442
0	178
0	81
0	423
0	0
0	0
0	99
0	539
0	843
0	29
0	4088
0	87
0	332
0	650
0	1
0	124
0	8774
0	6526
0	1020
0	212
0	129
0	339
0	41
0	23
0	513
0	1522
0	0
0	0
0	575
0	42
0	1980
0	3439
0	180
0	2909
0	0
0	275
0	67
0	0
0	162
0	803
0	491
0	0
0	830
0	0
0	2425
0	569
0	0
0	9
0	57
0	511
0	4760
0	329
0	406
0	0
0	1601
0	309
0	659
0	6
0	19
0	0
0	1017
0	91
0	0
0	111
0	0
0	72
0	231
0	72
0	527
0	148
0	350
0	764
0	1121
0	228
0	891
0	2
0	9872
0	0
0	60
0	297
0	181
0	1192
0	61
0	853
0	0
0	63
0	109
0	0
0	0
0	68
0	0
0	337
0	885
0	0
0	1332
0	475
0	170
0	31
0	0
0	44
0	1397
0	0
0	0
0	0
0	83
0	70
0	1793
0	0
0	997
0	186
0	0
0	4429
0	29
0	7
0	9537
0	131
0	109
0	116
0	151
0	70
0	0
0	1152
0	2
0	0
0	315
0	317
0	0
0	6118
0	131
0	366
0	979
0	163
0	552
0	234
0	0
0	752
0	107
0	532
0	77
0	9116
0	31
0	1393
0	75
0	85
0	1534
0	36
0	264
0	4
0	0
0	172
0	13
0	274
0	643
0	1537
0	647
0	79
0	150
0	406
0	0
0	794
0	188
0	0
0	0
0	360
0	0
0	4
0	0
0	6780
0	325
0	429
0	219
0	0
0	1037
0	0
0	1070
0	0
0	0
0	84
0	2
0	886
0	898
0	0
0	327
0	0
0	1
0	1409
0	139
0	235
0	61
0	528
0	10
0	188
0	0
0	23379
0	34
0	2907
0	1029
0	233
0	33
0	45
0	2
0	364
0	700
0	26551
0	537
0	503
0	964
0	230
0	52
0	89
0	58
0	511
0	250
0	308
0	50
0	867
0	215
0	166
0	12
0	3866
0	450
0	0
0	577
0	0
0	0
0	0
0	0
0	523
0	0
0	2035
0	580
0	94
0	324
0	189
0	344
0	26
0	90
0	380
0	1156
0	464
0	771
0	1
0	78
0	10
0	4
0	0
0	2402
0	7531
0	0
0	480
0	782
0	79
0	451
0	454
0	0
0	673
0	4
0	180
0	0
0	867
0	539
0	1252
0	71
0	98
0	122
0	55
0	252
0	3
0	1086
0	0
0	443
0	11701
0	159
0	6
0	190
0	20531
0	13679
0	0
0	359
0	0
0	554
0	0
0	282
0	434
0	290
0	391
0	401
0	33
0	21451
0	44987
0	12937
0	367
0	239
0	48
0	22715
0	71
0	0
0	81
0	50
0	239
0	0
0	332
0	616
0	1397
0	0
0	0
0	0
0	0
0	28
0	719
0	0
0	620
0	67
0	192
0	22
0	263
0	0
0	2920
0	456
0	134
0	2139
0	0
0	643
0	535
0	0
0	24
0	0
0	29
0	429
0	118
0	0
0	101
0	776
0	244
0	7
0	12
0	233
0	52
0	0
0	4
0	9039
0	3309
0	447
0	0
0	1
0	877
0	442
0	0
0	24
0	0
0	47
0	108
0	3059
0	228
0	98
0	171
0	42
0	269
0	220
0	3541
0	0
0	0
0	0
0	177
0	1226
0	196
0	8633
0	87
0	2
0	6155
0	0
0	790
0	76
0	0
0	95
0	518
0	464
0	314
0	2132
0	817
0	325
0	69
0	414
0	51
0	0
0	2
0	52
0	43
0	125
0	9
0	1459
0	332
0	0
0	1
0	60
0	771
0	5767
0	2109
0	0
0	802
0	151
0	544
0	1186
0	0
0	870
0	326
0	0
0	2606
0	237
0	0
0	641
0	0
0	204
0	721
0	0
0	0
0	5750
0	303
0	84
0	0
0	32
0	0
0	693
0	0
0	1649
0	468
0	43629
0	82
0	192
0	1451
0	67
0	7
0	0
0	16
0	0
0	462
0	2247
0	600
0	93
0	13
0	0
0	530
0	253
0	161
0	0
0	8
0	76
0	0
0	179
0	0
0	50
0	817
0	984
0	31
0	550
0	304
0	350
0	713
0	0
0	0
0	127
0	357
0	498
0	0
0	860
0	123
0	29
0	91
0	163
0	612
0	194
0	229
0	8
0	796
0	0
0	147
0	57
0	6927
0	1315
0	485
0	0
0	178
0	22
0	18
0	28
0	1174
0	42
0	342
0	114
0	0
0	283
0	278
0	0
0	0
0	340
0	1136
0	0
0	0
0	31
0	0
0	57
0	150
0	363
0	425
0	0
0	356
0	5124
0	2
0	420
0	1011
0	287
0	138
0	0
0	118
0	114
0	0
0	70
0	888
0	31
0	1567
0	0
0	4
0	943
0	0
0	1309
0	0
0	784
0	16
0	55
0	1201
0	0
0	0
0	234
0	17
0	208
0	891
0	1
0	0
0	596
0	19
0	48
0	94
0	27
0	0
0	0
0	45
0	4473
0	27
0	115
0	0
0	3
0	95
0	2
0	1
0	322
0	50
0	701
0	492
0	43
0	65
0	234
0	12
0	13
0	866
0	187
0	71
0	296
0	67
0	49
0	75
0	942
0	240
0	1232
0	186
0	0
0	5
0	0
0	0
0	576
0	355
0	26
0	836
0	1535
0	1916
0	648
0	244
0	0
0	0
0	0
0	17
0	0
0	463
0	23780
0	497
0	300
0	41
0	55
0	193
0	384
0	486
0	1681
0	1
0	2021
0	0
0	6
0	7
0	364
0	1499
0	0
0	88
0	3
0	846
0	230
0	0
0	203
0	1092
0	963
0	0
0	2
0	1
0	30
0	7327
0	416
0	891
0	1445
0	497
0	692
0	68
0	16
0	892
0	37
0	0
0	493
0	0
0	0
0	24
0	267
0	5143
0	224
0	0
0	329
0	1786
0	5
0	126
0	8
0	161
0	105
0	43
0	349
0	3701
0	91
0	0
0	377
0	6286
0	121
0	366
0	185
0	0
0	749
0	141
0	4
0	1091
0	295
0	113
0	0
0	0
0	284
0	106
0	116
0	1
0	556
0	135
0	498
0	0
0	88
0	199
0	0
0	211
0	16
0	4
0	532
0	0
0	451
0	64
0	462
0	0
0	458
0	392
0	11027
0	0
0	2
0	544
0	0
0	1276
0	405
0	527
0	1879
0	182
0	72
0	8
0	736
0	0
0	0
0	542
0	335
0	116
0	1081
0	198
0	488
0	399
0	37788
0	0
0	0
0	345
0	180
0	0
0	187
0	799
0	364
0	305
0	348
0	16785
0	5160
0	0
0	88
0	639
0	541
0	807
0	8
0	1011
0	0
0	203
0	225
0	0
0	138
0	15
0	4154
0	9
0	23616
0	64
0	10620
0	29
0	101
0	59
0	466
0	97
0	126
0	117
0	671
0	0
0	1230
0	0
0	821
0	0
0	0
0	0
0	1
0	175
0	295
0	953
0	163
0	565
0	0
0	42
0	74
0	6490
0	3496
0	0
0	417
0	26153
0	17
0	651
0	600
0	0
0	0
0	612
0	213
0	1134
0	115
0	0
0	346
0	368
0	807
0	361
0	88
0	202
0	0
0	832
0	0
0	119
0	0
0	100
0	719
0	0
0	0
0	421
0	0
0	234
0	387
0	44
0	103
0	235
0	93
0	2
0	45
0	1434
0	52
0	551
0	79
0	0
0	21
0	650
0	882
0	461
0	13
0	1
0	3
0	173
0	0
0	0
0	0
0	1
0	0
0	917
0	819
0	130
0	0
0	1040
0	0
0	1152
0	6
0	196
0	1
0	814
0	28
0	169
0	233
0	1
0	435
0	23
0	0
0	14
0	270
0	51
0	107
0	0
0	220
0	373
0	0
0	26
0	2330
0	73
0	442
0	21
0	0
0	2147
0	229
0	0
0	49290
0	112
0	388
0	186
0	518
0	350
0	0
0	2408
0	563
0	222
0	334
0	114
0	137
0	223
0	259
0	0
0	0
0	708
0	492
0	24
0	879
0	6268
0	4200
0	117
0	16
0	438
0	112
0	372
0	662
0	266
0	3676
0	5
0	24
0	1
0	2731
0	3078
0	9
0	104
0	96
0	0
0	0
0	1036
0	713
0	24
0	139
0	572
0	0
0	1386
0	159
0	88571
0	35
0	0
0	1561
0	120
0	221
0	232
0	106
0	20426
0	0
0	0
0	0
0	0
0	70
0	530
0	3541
0	43
0	973
0	1256
0	1
0	1231
0	807
0	535
0	0
0	274
0	20
0	586
0	1637
0	0
0	4
0	813
0	232
0	225
0	5258
0	80
0	15
0	30
0	1101
0	0
0	766
0	373
0	591
0	458
0	174
0	121
0	0
0	299
0	291
0	2151
0	0
0	308
0	242
0	622
0	1
0	0
0	4390
0	0
0	142
0	120
0	230
0	120
0	17
0	331
0	1521
0	0
0	307
0	25
0	102
0	881
0	1
0	23
0	63
0	2155
0	903
0	77
0	0
0	127
0	219
0	309420
0	207
0	0
0	911
0	0
0	42
0	454
0	0
0	385
0	422
0	239
0	73
0	6
0	13512
0	409
0	645
0	429
0	19
0	354
0	28
0	784
0	0
0	493
0	1300
0	571
0	0
0	0
0	2
0	126
0	522
0	183
0	0
0	1
0	69
0	0
0	562
0	0
0	64
0	486
0	0
0	8
0	0
0	0
0	79
0	6
0	26
0	551
0	25
0	604
0	1084
0	848
0	400
0	74
0	43
0	189
0	211
0	134
0	41
0	80
0	324
0	151
0	153
0	979
0	439
0	0
0	45928
0	9
0	755
0	44
0	43
0	247
0	6
0	5
0	1
0	179
0	0
0	72
0	0
0	364
0	558
0	772
0	1595
0	0
0	109
0	607
0	164
0	468
0	33
0	25
0	0
0	157
0	120
0	264
0	2344
0	166
0	10
0	12484
0	184
0	26
0	14571
0	228
0	16
0	315
0	384
0	80
0	2200
0	1
0	466
0	70
0	12
0	62
0	82
0	370
0	590
0	243
0	194
0	1368
0	223
0	554
0	154
0	926
0	0
0	710
0	87
0	32
0	15791
0	162
0	411
0	302
0	2777
0	1225
0	14
0	904
0	282
0	180
0	402
0	6773
0	0
0	430
0	523
0	162
0	30
0	364
0	2
0	615
0	0
0	960
0	270
0	0
0	2
0	158
0	0
0	0
0	468
0	1533
0	0
0	137293
0	70
0	841
0	1
0	0
0	14
0	2638
0	598
0	7
0	109
0	116
0	198
0	1027
0	0
0	0
0	975
0	575
0	1619
0	118
0	5502
0	109
0	72
0	1072
0	1814
0	0
0	0
0	23
0	0
0	246
0	125
0	0
0	1220
0	0
0	391
0	279
0	0
0	365
0	118
0	44
0	1
0	3
0	95
0	1277
0	43
0	1927
0	231
0	85
0	292
0	457
0	493
0	2
0	390
0	436
0	632
0	34
0	513
0	1680
0	0
0	1170
0	0
0	503
0	33
0	1
0	1
0	664
0	3
0	691
0	222
0	0
0	2
0	6724
0	149
0	242
0	1030
0	21
0	287
0	429
0	237
0	304
0	735
0	363
0	0
0	448
0	286
0	305
0	0
0	0
0	0
0	781
0	1856
0	0
0	27
0	309
0	0
0	59
0	57
0	503
0	514
0	130
0	244
0	177
0	0
0	676
0	283
0	0
0	3184
0	343
0	0
0	0
0	0
0	54
0	159
0	614
0	104
0	86
0	73
0	280
0	505
0	154
0	423
0	182
0	506
0	197
0	0
0	170
0	0
0	0
0	5
0	3069
0	350
0	474
0	53
0	0
0	1012
0	72
0	1
0	0
0	16
0	85
0	0
0	71
0	0
0	57
0	221
0	0
0	392
0	25972
0	181
0	1983
0	38
0	516
0	239
0	0
0	60
0	365
0	113
0	0
0	217
0	261
0	249
0	204
0	259
0	0
0	257
0	0
0	0
0	80
0	1117
0	19
0	99
0	0
0	38310
0	47
0	193
0	286
0	284
0	0
0	763
0	0
0	0
0	61
0	602
0	0
0	0
0	196
0	2751
0	595
0	48
0	193
0	822
0	199
0	1714
0	288
0	31
0	139
0	1380
0	296
0	36
0	589
0	388
0	82
0	280
0	174
0	98
0	226
0	295
0	90
0	2
0	818
0	41
0	663
0	150
0	286
0	814
0	9
0	0
0	95
0	185
0	1064
0	364
0	904
0	0
0	324
0	0
0	234
0	32
0	0
0	11645
0	129
0	4431
0	1
0	16
0	953
0	0
0	784
0	2003
0	135
0	1180
0	712
0	2
0	47
0	161
0	930
0	727
0	140
0	2140
0	172
0	154
0	863
0	10670
0	153
0	0
0	3490
0	94
0	0
0	12
0	67
0	137
0	920
0	546
0	25
0	333
0	10
0	23
0	4249
0	0
0	209
0	76
0	2
0	70
0	401
0	340
0	104
0	47
0	388
0	1
0	245
0	48
0	220
0	21
0	559
0	91
0	212
0	1581
0	29293
0	0
0	0
0	133
0	227
0	1677
0	7649
0	153
0	346
0	166
0	613
0	1088
0	60
0	59320
0	1079
0	0
0	0
0	40
0	32
0	0
0	46
0	0
0	223
0	46
0	0
0	0
0	36624
0	0
0	4844
0	1263
0	179
0	523
0	231
0	757
0	156
0	88
0	78
0	2254
0	46
0	242
0	203
0	452
0	0
0	0
0	26
0	543
0	278
0	0
0	75
0	4
0	0
0	18
0	0
0	2
0	150
0	1464
0	0
0	308
0	263
0	359
0	318
0	19
0	7571
0	242
0	43
0	0
0	105
0	238
0	52
0	7
0	42
0	0
0	0
0	475
0	105
0	721
0	397
0	0
0	0
0	86
0	3252
0	2703
0	199
0	0
0	155
0	313
0	94
0	0
0	1605
0	11
0	0
0	428
0	206
0	605
0	28049
0	82
0	170
0	6246
0	58
0	76
0	2579
0	177
0	193
0	136
0	652
0	234
0	0
0	0
0	36
0	1476
0	229
0	24
0	82
0	839
0	258
0	237
0	2055
0	0
0	125
0	370
0	565
0	106
0	1
0	4483
0	65
0	275
0	12
0	0
0	191
0	0
0	150
0	157
0	396
0	400
0	22
0	164
0	0
0	2087
0	154
0	1145
0	51
0	165
0	970
0	199
0	2
0	0
0	166
0	9
0	19666
0	262
0	0
0	0
0	116
0	322
0	107
0	2795
0	0
0	0
0	6349
0	856
0	834
0	1010
0	176060
0	75
0	521
0	374
0	70
0	704
0	11
0	3279
0	14369
0	314
0	1535
0	0
0	201
0	206
0	191
0	352
0	1175
0	0
0	227
0	249
0	476
0	368
0	973
0	74
0	116
0	13
0	310
0	52
0	244
0	53
0	687
0	298
0	0
0	0
0	0
0	20
0	122
0	415
0	11
0	0
0	0
0	426
0	7024
0	13
0	62716
0	100
0	1579
0	156
0	152
0	75931
0	67
0	86
0	336
0	58
0	141
0	0
0	159
0	349
0	96
0	16
0	624
0	8
0	79
0	58410
0	2451
0	797
0	0
0	246
0	455
0	65
0	3
0	298
0	86
0	4026
0	381
0	4
0	389
0	232
0	74
0	4332
0	0
0	2992
0	33
0	0
0	0
0	1044
0	19752
0	28
0	82
0	0
0	37
0	65
0	352
0	155
0	341
0	472
0	0
0	369
0	4928
0	212
0	0
0	1
0	188
0	179
0	267
0	145
0	71
0	75
0	1124
0	119
0	0
0	127
0	679
0	344
0	0
0	808
0	728
0	309
0	89
0	329
0	0
0	2
0	18
0	14
0	117
0	1258
0	133
0	130
0	183
0	166
0	3366
0	643
0	0
0	1994
0	0
0	0
0	181
0	1495
0	1486
0	595
0	27
0	100
0	176
0	0
0	0
0	357
0	585
0	331
0	50
0	0
0	220
0	751
0	5
0	0
0	133
0	45
0	55
0	13452
0	1
0	62
0	111
0	508
0	14
0	379
0	21
0	1439
0	308
0	0
0	235
0	1359
0	0
0	139
0	671
0	79
0	549
0	0
0	1
0	0
0	0
0	87
0	814
0	0
0	242
0	323
0	58
0	279
0	146
0	492
0	1270
0	340
0	720
0	956
0	1
0	0
0	0
0	180
0	0
0	15
0	0
0	172
0	11211
0	0
0	87
0	2716
0	2698
0	168
0	227
0	0
0	29
0	60
0	0
0	68
0	287
0	0
0	473
0	83
0	123
0	992
0	7
0	74
0	9
0	0
0	473
0	142
0	3
0	0
0	127
0	0
0	43
0	802
0	0
0	366
0	0
0	44
0	862
0	54
0	989
0	434
0	0
0	278
0	27
0	17
0	742
0	879
0	131
0	0
0	295
0	13
0	122
0	27809
0	1
0	213
0	301
0	262
0	0
0	769
0	25
0	0
0	828
0	692
0	422
0	96
0	247
0	0
0	15060
0	6
0	588
0	140
0	394
0	0
0	0
0	53
0	0
0	293
0	331
0	18
0	293
0	993
0	380
0	0
0	277
0	1131
0	557
0	636
0	1
0	171
0	55
0	932
0	43
0	21474
0	563
0	1190
0	1
0	390
0	538
0	12
0	0
0	28
0	524
0	78
0	14
0	3696
0	217
0	0
0	0
0	77
0	188
0	32152
0	5
0	258
0	594
0	237
0	0
0	65
0	183
0	485
0	457
0	101
0	9764
0	60
0	131
0	449
0	20
0	136
0	0
0	44
0	2
0	300
0	3
0	1932
0	10133
0	149
0	1408
0	945
0	7825
0	16
0	82
0	1643
0	346
0	6
0	1700
0	0
0	40
0	0
0	564
0	124
0	37
0	264
0	39
0	0
0	52
0	2
0	96
0	329
0	0
0	0
0	2
0	67
0	804
0	229
0	87
0	354
0	451
0	1327
0	127
0	0
0	169
0	1
0	1545
0	633
0	11
0	46
0	271
0	1
0	141
0	143
0	285
0	25
0	79
0	1124
0	90
0	128
0	2365
0	110
0	201
0	1269
0	69
0	265
0	187
0	1545
0	138
0	126
0	0
0	2
0	14
0	0
0	6
0	249
0	380
0	0
0	1298
0	602
0	729
0	2287
0	310
0	1519
0	1
0	157
0	257
0	4
0	1642
0	37
0	27110
0	0
0	0
0	194
0	474
0	0
0	8967
0	520
0	116
0	777
0	60
0	66
0	1101
0	77
0	0
0	88
0	501
0	0
0	158
0	874
0	805
0	287
0	126
0	104
0	0
0	25
0	2260
0	143
0	200
0	0
0	397
0	0
0	33
0	171
0	252
0	350
0	0
0	0
0	40
0	120
0	58
0	19
0	0
0	26
0	5028
0	324
0	147
0	176
0	0
0	34066
0	9
0	0
0	614
0	0
0	24
0	0
0	2384
0	178
0	251
0	1
0	0
0	64
0	0
0	0
0	0
0	61
0	0
0	0
0	63
0	115
0	6261
0	126
0	9113
0	20
0	97
0	247
0	724
0	381
0	1
0	25557
0	600
0	231
0	0
0	286
0	1330
0	317
0	23
0	7320
0	6
0	47
0	3188
0	378
0	1
0	9178
0	0
0	0
0	151
0	266
0	164
0	87
0	111
0	14913
0	739
0	354
0	6
0	170
0	1199
0	2200
0	439
0	0
0	472
0	1373
0	148
0	239513
0	1312
0	26
0	0
0	0
0	0
0	0
0	365
0	0
0	2611
0	2887
0	111
0	20
0	69
0	42
0	326
0	935
0	151
0	342
0	263
0	131
0	494
0	436
0	167
0	436
0	351
0	69
0	3449
0	75
0	1180
0	871
0	0
0	299
0	145
0	169
0	59
0	12
0	1996
0	0
0	631
0	2609
0	32
0	30
0	13785
0	579
0	60
0	229
0	999
0	183
0	11
0	0
0	92
0	2064
0	735
0	368
0	0
0	6280
0	611
0	6
0	734
0	674
0	61
0	0
0	114
0	299
0	459
0	303
0	123
0	5181
0	431
0	245
0	178
0	179
0	621
0	0
0	0
0	0
0	270
0	213
0	690
0	37
0	563
0	267
0	0
0	0
0	0
0	240
0	0
0	676
0	0
0	0
0	394
0	2103
0	35
0	42
0	0
0	838
0	169
0	1045
0	1014
0	337
0	872
0	0
0	330
0	40
0	282
0	188
0	8038
0	4333
0	0
0	308
0	215
0	739
0	327
0	5164
0	59
0	223
0	0
0	269
0	361
0	203
0	0
0	1336
0	408
0	173
0	4350
0	2099
0	230
0	154
0	1
0	294
0	2034
0	0
0	8605
0	150
0	178
0	96
0	1843
0	5
0	55
0	141
0	0
0	114
0	2104
0	92
0	96
0	957
0	449
0	1425
0	970
0	68
0	93
0	81
0	148
0	0
0	248
0	0
0	334
0	20
0	57
0	169
0	1650
0	334
0	20024
0	999
0	256
0	0
0	919
0	1622
0	188
0	136
0	0
0	1033
0	187
0	208
0	14217
0	112
0	0
0	89
0	244
0	2362
0	38
0	570
0	243
0	35
0	0
0	0
0	244
0	15
0	8500
0	809
0	92
0	5
0	388
0	1
0	0
0	0
0	153
0	165
0	0
0	771
0	2124
0	0
0	181
0	388
0	220
0	235
0	2932
0	387
0	30
0	12
0	31765
0	112
0	340
0	131
0	874
0	0
0	8
0	105
0	35
0	229
0	67
0	0
0	170
0	0
0	140
0	0
0	3
0	174
0	800
0	426
0	0
0	0
0	120
0	341
0	249
0	750
0	167
0	138
0	217
0	5315
0	2814
0	358
0	377
0	6437
0	2
0	37
0	63
0	203
0	2527
0	0
0	62
0	1446
0	159
0	181
0	0
0	0
0	321
0	179
0	6
0	487
0	325
0	105
0	3007
0	706
0	642
0	816
0	157
0	3245
0	125
0	24
0	0
0	2914
0	839
0	0
0	64
0	430
0	58
0	10
0	1786
0	1136
0	21
0	47
0	323
0	22
0	0
0	504
0	621
0	228
0	2101
0	0
0	0
0	24
0	0
0	0
0	58
0	3
0	926
0	0
0	63
0	228
0	192
0	982
0	162
0	673
0	88
0	329
0	152
0	0
0	5
0	46
0	112
0	82
0	11
0	992
0	0
0	2807
0	33
0	0
0	120
0	14
0	236
0	248
0	69
0	531
0	1237
0	256
0	31
0	125
0	0
0	0
0	0
0	289
0	15
0	306
0	606
0	218
0	2035
0	0
0	9
0	708
0	179
0	81
0	75
0	14
0	507
0	235
0	249
0	9041
0	57
0	364
0	76
0	0
0	59
0	0
0	368
0	13973
0	729
0	0
0	220
0	66
0	0
0	403
0	561
0	0
0	6830
0	8334
0	88
0	4543
0	0
0	1008
0	16165
0	1115
0	292
0	123
0	1117
0	11
0	186
0	311
0	106
0	182
0	0
0	10
0	0
0	1797
0	5
0	509
0	0
0	0
0	991
0	1830
0	0
0	0
0	196
0	64
0	0
0	0
0	0
0	78
0	372
0	243
0	873
0	200
0	340
0	1
0	0
0	350
0	0
0	491
0	0
0	387
0	192
0	313
0	618
0	158
0	148
0	0
0	4069
0	916
0	348
0	199
0	250
0	198
0	184
0	105
0	68
0	161
0	158
0	218
0	531
0	425
0	140
0	253
0	217
0	10
0	398
0	0
0	325
0	2921
0	268
0	11698
0	11
0	1038
0	0
0	4
0	316
0	3148
0	2015
0	848
0	10
0	4
0	0
0	3990
0	28
0	362
0	0
0	1003
0	375
0	660
0	1895
0	120
0	2
0	101
0	1876
0	29417
0	95
0	1
0	3
0	16
0	171
0	247
0	47
0	1168
0	299
0	353
0	4
0	0
0	1086
0	334
0	502
0	17
0	126
0	73
0	107
0	20750
0	702
0	1184
0	100
0	120
0	1
0	17221
0	384
0	82
0	1159
0	46
0	0
0	0
0	263
0	10309
0	445
0	761
0	13929
0	8504
0	611
0	2104
0	10
0	0
0	59
0	0
0	214
0	298
0	36
0	9
0	452
0	26
0	3
0	644
0	0
0	126
0	58
0	38
0	1685
0	103
0	273
0	380
0	598
0	484
0	460
0	0
0	20
0	1266
0	0
0	56
0	53
0	82
0	0
0	0
0	288
0	62
0	362
0	1031
0	0
0	1136
0	275
0	592
0	23
0	75
0	65
0	0
0	3
0	92758
0	190
0	0
0	404
0	33
0	0
0	8120
0	19080
0	0
0	0
0	1318
0	62
0	147
0	25
0	1733
0	1092
0	8784
0	6
0	100
0	1650
0	406
0	482
0	0
0	189
0	128
0	1455
0	95
0	0
0	0
0	1
0	665
0	485
0	796
0	70
0	1
0	434097
0	813
0	615
0	175
0	76
0	1
0	141
0	224
0	0
0	0
0	1
0	20708
0	202
0	0
0	87
0	6
0	21
0	207
0	12
0	73
0	20316
0	2624
0	92
0	0
0	554
0	786
0	108
0	171
0	0
0	3
0	264
0	136
0	3718
0	48
0	0
0	49
0	0
0	302
0	98
0	208
0	332
0	2642
0	752
0	60
0	4
0	264
0	506
0	765
0	524
0	814
0	3
0	764
0	164
0	251
0	155
0	299
0	13
0	2527
0	113
0	1107
0	363
0	38
0	120
0	94
0	62
0	0
0	2065
0	24
0	2945
0	307
0	164
0	417
0	165
0	1844
0	30
0	0
0	637
0	0
0	1031
0	110
0	47
0	199
0	308
0	202
0	279
0	6013
0	690
0	67
0	0
0	0
0	143
0	644
0	2177
0	1360
0	366
0	662
0	212
0	2467
0	0
0	177
0	1376
0	142
0	0
0	0
0	0
0	347
0	1251
0	0
0	1603
0	0
0	526
0	0
0	34
0	9181
0	42
0	197
0	353
0	0
0	0
0	625
0	0
0	548
0	407
0	63
0	4
0	1216
0	1315
0	0
0	30
0	0
0	0
0	137
0	0
0	137
0	3
0	584
0	370
0	915
0	23081
0	219
0	2520
0	329
0	0
0	71
0	0
0	6
0	142
0	0
0	0
0	141
0	118
0	0
0	310
0	0
0	481
0	273
0	686
0	62
0	0
0	72
0	63
0	713
0	343
0	708
0	397
0	0
0	1
0	10
0	0
0	156
0	32
0	102
0	113
0	234
0	542
0	149717
0	2548
0	0
0	660
0	49
0	16
0	566
0	453
0	122
0	307
0	1234
0	0
0	170
0	46
0	101
0	0
0	2102
0	0
0	65
0	342
0	261
0	347
0	156
0	184
0	0
0	2801
0	0
0	108
0	61
0	4
0	146
0	103
0	2603
0	618
0	14492
0	23
0	170
0	19261
0	6
0	629
0	143
0	12693
0	317
0	91
0	465
0	346
0	498
0	42058
0	617
0	288
0	40
0	45
0	1533
0	52
0	541
0	43
0	0
0	3
0	0
0	210
0	180
0	0
0	3
0	381
0	0
0	1137
0	2472
0	86
0	44
0	0
0	1592
0	35
0	210
0	0
0	0
0	0
0	200
0	163
0	5
0	375
0	53
0	0
0	273
0	0
0	670
0	96
0	54
0	2
0	79
0	0
0	211
0	42
0	5
0	2941
0	341
0	80
0	115
0	76
0	117
0	300
0	3312
0	84
0	166
0	0
0	157
0	3
0	0
0	2502
0	0
0	384
0	102
0	212
0	19
0	0
0	108
0	65
0	165
0	0
0	307
0	281
0	7883
0	288
0	1719
0	243
0	262
0	269
0	805
0	0
0	381
0	1428
0	0
0	416
0	26
0	1197
0	311
0	565
0	1510
0	0
0	491
0	237
0	289
0	0
0	539
0	570
0	0
0	28467
0	241
0	669
0	476
0	203
0	76
0	104
0	1370
0	0
0	0
0	169
0	0
0	24
0	916
0	151
0	0
0	328
0	3647
0	20
0	1593
0	161
0	1
0	221
0	1512
0	1581
0	243
0	666
0	0
0	0
0	363
0	1189
0	0
0	0
0	0
0	535
0	255
0	36
0	1416
0	620
0	400
0	47
0	1
0	384
0	0
0	181
0	134
0	36
0	0
0	39096
0	181
0	29
0	51
0	417
0	838
0	1
0	190
0	0
0	27527
0	213
0	318
0	0
0	446
0	3
0	78
0	0
0	553
0	35845
0	1206
0	199
0	582
0	6
0	0
0	30
0	0
0	65
0	0
0	2038
0	57
0	755
0	0
0	29
0	0
0	0
0	0
0	143
0	394
0	53
0	1030
0	385
0	51
0	55
0	78
0	3113
0	79
0	211
0	750
0	303
0	227
0	1
0	35
0	0
0	91
0	0
0	270
0	441
0	610
0	20
0	0
0	283
0	6
0	228
0	1681
0	189
0	566
0	69
0	0
0	74
0	229
0	1660
0	427
0	0
0	1
0	0
0	10
0	0
0	89
0	12
0	1161
0	1
0	17
0	0
0	14377
0	0
0	93
0	234
0	142
0	61
0	0
0	839
0	27
0	116
0	81
0	11
0	234
0	48
0	712
0	156
0	63
0	8
0	122
0	1499
0	90
0	0
0	3246
0	1068
0	11
0	11
0	605
0	1187
0	0
0	110
0	674
0	0
0	404
0	103
0	10
0	0
0	102
0	23
0	114
0	0
0	0
0	114
0	292
0	0
0	56
0	192
0	592
0	29
0	38
0	3092
0	967
0	0
0	245
0	25326
0	0
0	90
0	2461
0	1464
0	58
0	96
0	182
0	568
0	56
0	87
0	327
0	0
0	0
0	199
0	1
0	59
0	137
0	18
0	1327
0	0
0	1166
0	7947
0	0
0	74
0	261
0	50
0	97
0	84
0	592
0	0
0	0
0	0
0	680
0	327
0	150
0	416
0	222
0	0
0	0
0	160
0	126
0	37
0	243
0	471
0	191
0	399
0	890
0	985
0	190
0	284
0	244
0	1298
0	4719
0	38
0	177
0	163
0	70
0	385
0	580
0	14995
0	209
0	1354
0	0
0	590
0	773
0	49
0	322
0	0
0	0
0	151
0	0
0	889
0	0
0	320
0	1115
0	1074
0	473
0	1089
0	0
0	0
0	114
0	0
0	51
0	290
0	0
0	27
0	173
0	6
0	0
0	25
0	791
0	18388
0	1410
0	5571
0	2726
0	97
0	596
0	235
0	256
0	0
0	2658
0	1673
0	18895
0	184
0	82
0	0
0	81
0	1376
0	402
0	729
0	238
0	680
0	134
0	0
0	632
0	815
0	91
0	848
0	56
0	96
0	0
0	0
0	427
0	9
0	83
0	37
0	115
0	57
0	50
0	1207
0	288
0	1160
0	17
0	33
0	55
0	159
0	857
0	0
0	5
0	48
0	0
0	0
0	0
0	146
0	0
0	300
0	172
0	0
0	489
0	1410
0	5
0	268
0	130
0	190
0	1823
0	0
0	6305
0	568
0	608
0	517
0	783
0	16
0	248
0	0
0	412
0	105
0	39
0	167
0	249
0	842
0	0
0	453
0	186
0	221
0	1279
0	472
0	2833
0	151
0	537
0	548
0	1034
0	3317
0	23
0	7
0	123
0	3
0	2
0	226
0	0
0	0
0	87
0	951
0	154
0	985
0	363
0	5849
0	123
0	19063
0	5774
0	36
0	112
0	33882
0	351
0	54
0	0
0	270
0	2151
0	214
0	407
0	0
0	6293
0	1296
0	0
0	52
0	1052
0	230
0	0
0	132
0	13654
0	376
0	29
0	1344
0	0
0	481
0	0
0	496
0	15011
0	173
0	20
0	0
0	0
0	25
0	62
0	458
0	220
0	80
0	274
0	244
0	800
0	3
0	0
0	2
0	7198
0	382
0	4973
0	162
0	288
0	278
0	130
0	0
0	225
0	0
0	110
0	6511
0	144
0	185
0	30
0	122
0	1497
0	743
0	419
0	129
0	133
0	49
0	7
0	163
0	32
0	450
0	0
0	179
0	0
0	228
0	135
0	1472
0	294
0	0
0	163
0	340
0	0
0	0
0	339
0	2173
0	3534
0	1239
0	115
0	5
0	821
0	1
0	12
0	456
0	97
0	272
0	36
0	114
0	145
0	32
0	121
0	0
0	0
0	3668
0	658
0	18
0	643
0	6063
0	106
0	134
0	51
0	1
0	72
0	890
0	309
0	1
0	20168
0	150
0	79
0	0
0	47
0	337
0	84
0	131
0	997
0	642
0	0
0	0
0	352
0	617
0	59
0	378
0	106
0	89
0	0
0	0
0	884
0	246
0	1
0	411
0	330
0	112
0	0
0	0
0	0
0	0
0	100
0	0
0	1116
0	2742
0	0
0	422
0	1
0	1740
0	315
0	0
0	719
0	847
0	321
0	53
0	125
0	784
0	3133
0	493
0	2117
0	0
0	5086
0	1021
0	168
0	980
0	0
0	108
0	0
0	0
0	363
0	73
0	151
0	1149
0	502
0	323
0	0
0	0
0	977
0	0
0	95
0	23
0	7
0	234
0	424
0	922
0	95
0	0
0	0
0	777
0	65
0	282
0	0
0	215
0	516
0	0
0	188
0	321
0	465
0	10
0	0
0	17
0	365
0	90
0	58
0	36
0	444
0	299
0	48
0	383
0	714
0	0
0	291
0	824
0	17
0	26
0	15
0	240
0	1
0	1310
0	190
0	555
0	54
0	2574
0	1925
0	8214
0	451
0	1052
0	223
0	785
0	47
0	4180
0	53
0	1017
0	152
0	945
0	0
0	0
0	585
0	450
0	46
0	332
0	1576
0	651
0	6
0	6384
0	313
0	84
0	1857
0	304
0	372
0	0
0	121
0	118
0	29
0	653
0	0
0	151
0	0
0	1290
0	250
0	0
0	984
0	0
0	67
0	2358
0	1
0	34
0	41
0	0
0	231
0	167
0	120
0	81
0	546
0	0
0	2492
0	281
0	400
0	243
0	20
0	62
0	796
0	265
0	336
0	8
0	405
0	0
0	66
0	3291
0	0
0	0
0	0
0	1055
0	1075
0	0
0	542
0	36
0	560
0	0
0	0
0	525
0	43
0	31
0	536
0	1130
0	1358
0	2
0	0
0	9661
0	0
0	0
0	15
0	46
0	192
0	146
0	0
0	571
0	0
0	747
0	97
0	21014
0	277
0	194
0	14
0	0
0	1325
0	196
0	7
0	399
0	0
0	318
0	0
0	325
0	0
0	660
0	68
0	1950
0	8081
0	142
0	182
0	29
0	2
0	0
0	25
0	418
0	0
0	1172
0	92
0	119
0	98
0	36721
0	324
0	0
0	358
0	401
0	379
0	852
0	0
0	242
0	0
0	0
0	19003
0	0
0	122
0	0
0	162
0	36
0	1394
0	163
0	5
0	2431
0	12
0	293
0	0
0	1
0	62
0	121
0	620
0	41
0	0
0	6
0	155
0	0
0	740
0	29
0	8
0	78
0	122
0	156
0	150
0	903
0	619
0	255
0	67
0	128
0	0
0	77
0	186
0	249
0	433614
0	489
0	2
0	131
0	62
0	236
0	401
0	2
0	94
0	2799
0	821
0	219
0	855
0	1940
0	52
0	31
0	68
0	115
0	0
0	2690
0	1331
0	58
0	128
0	141476
0	97
0	734
0	0
0	4
0	332
0	292
0	82
0	4
0	173
0	237
0	10
0	151
0	117
0	0
0	1020
0	523
0	126
0	2800
0	137
0	130
0	7
0	1452
0	0
0	66
0	31
0	0
0	684
0	1501
0	52
0	461
0	101
0	0
0	0
0	98
0	0
0	367
0	27
0	215
0	198
0	9
0	613
0	0
0	85
0	14586
0	335
0	177
0	6404
0	344
0	127
0	198
0	4674
0	1252
0	85
0	281
0	10
0	107
0	66
0	250
0	536
0	23
0	159
0	628
0	341
0	248
0	7
0	776
0	0
0	0
0	62
0	88
0	238
0	617
0	657
0	0
0	4523
0	88
0	0
0	109
0	235
0	499
0	0
0	14
0	39
0	155
0	3
0	4
0	34
0	158
0	125
0	126
0	563
0	109
0	62
0	180
0	24
0	0
0	77
0	18
0	274
0	1226
0	82
0	344
0	330
0	0
0	60
0	559
0	94
0	187
0	1519
0	70
0	445
0	0
0	313
0	8902
0	0
0	0
0	461
0	66
0	754
0	133
0	217
0	305
0	18
0	1
0	51
0	0
0	6
0	352
0	39
0	104
0	229
0	6
0	0
0	1513
0	118
0	96
0	0
0	1867
0	0
0	37
0	287
0	386
0	27
0	175
0	702
0	1
0	259
0	109
0	297
0	312
0	0
0	1082
0	384
0	47
0	0
0	2
0	392
0	2
0	40
0	0
0	185
0	294
0	360
0	5287
0	7
0	0
0	8358
0	407
0	156
0	466
0	342
0	150
0	16
0	1043
0	44
0	0
0	807
0	458
0	558
0	1
0	0
0	1466
0	24
0	107
0	1332
0	5936
0	0
0	143
0	5598
0	186
0	572
0	0
0	908
0	174
0	220
0	58
0	1341
0	62
0	294
0	68
0	0
0	903
0	820
0	283
0	18837
0	143
0	17
0	331
0	639
0	189
0	75
0	2
0	172
0	20
0	91
0	20
0	316
0	1670
0	146
0	668
0	433
0	334
0	4977
0	265
0	0
0	112
0	34
0	17
0	7
0	0
0	297
0	690
0	5
0	1
0	375
0	2
0	122
0	97
0	61
0	10
0	383
0	0
0	54
0	73
0	7491
0	305
0	76
0	86
0	277
0	931
0	0
0	73
0	625
0	608
0	0
0	0
0	114
0	161
0	0
0	0
0	4
0	0
0	883
0	898
0	318
0	0
0	129
0	3496
0	2407
0	209
0	86
0	249
0	44
0	10
0	39
0	82
0	781
0	0
0	20333
0	512
0	0
0	283
0	519
0	212
0	0
0	136191
0	5781
0	368
0	78
0	111
0	83
0	0
0	52
0	349
0	94
0	0
0	94
0	496
0	863
0	1907
0	161
0	139
0	325
0	86
0	213
0	241
0	35
0	4197
0	182
0	309
0	34
0	0
0	0
0	1061
0	443
0	2405
0	46
0	3746
0	0
0	219
0	195
0	100
0	279
0	1753
0	78
0	10456
0	2007
0	1
0	260
0	0
0	2877
0	0
0	0
0	286
0	154
0	0
0	303
0	455
0	11086
0	101
0	2955
0	4980
0	13
0	34308
0	0
0	206
0	171
0	0
0	56410
0	583
0	27
0	96
0	226
0	197
0	0
0	2463
0	451
0	0
0	157
0	131
0	0
0	1759
0	47
0	676
0	95
0	8913
0	1240
0	501
0	749
0	10
0	0
0	102
0	0
0	489
0	0
0	494
0	0
0	901
0	67
0	30
0	191
0	79
0	264
0	6284
0	62
0	1153
0	2432
0	3
0	1
0	135
0	373
0	0
0	0
0	0
0	0
0	174
0	0
0	0
0	241
0	34
0	572
0	1330
0	814
0	0
0	0
0	0
0	0
0	1038
0	1699
0	6754
0	257
0	181
0	248
0	261
0	549
0	245
0	5
0	832
0	0
0	299
0	32
0	65
0	1719
0	470
0	68
0	43
0	5
0	226
0	148
0	241
0	345
0	380
0	6317
0	288
0	2520
0	0
0	392
0	12658
0	251
0	619
0	23
0	0
0	929
0	0
0	0
0	358
0	88
0	53
0	0
0	1353
0	52
0	85
0	2642
0	315
0	71
0	720
0	96
0	52
0	412
0	177
0	334
0	245
0	0
0	335
0	13096
0	514
0	149
0	0
0	41
0	56
0	75
0	233
0	2338
0	55
0	2595
0	67
0	1
0	427
0	403
0	133
0	392
0	186
0	981
0	895
0	17277
0	2568
0	4
0	433
0	235
0	28015
0	0
0	0
0	1062
0	117
0	0
0	0
0	133
0	311
0	505
0	221
0	133
0	0
0	1490
0	0
0	0
0	32
0	28
0	3373
0	14
0	105
0	37
0	29
0	36
0	191
0	23
0	42
0	37005
0	109
0	666
0	1045
0	369
0	407
0	0
0	349
0	78
0	2
0	0
0	1
0	0
0	5
0	188
0	224
0	929
0	2404
0	4594
0	4462
0	8
0	313
0	72
0	361
0	0
0	289
0	0
0	251
0	315
0	3276
0	10
0	72
0	34
0	412
0	448
0	10753
0	467
0	328
0	171
0	524
0	7
0	160
0	192
0	122
0	527
0	745
0	9
0	1
0	89
0	5
0	34
0	57
0	82
0	35
0	430
0	0
0	92
0	133
0	76
0	93
0	188
0	1094
0	7
0	21485
0	220
0	11
0	164
0	38
0	164
0	10
0	440
0	645
0	84
0	480
0	2582
0	441
0	41
0	0
0	34
0	439
0	0
0	500
0	362
0	36
0	355
0	198
0	6332
0	0
0	8
0	0
0	0
0	1978
0	0
0	91
0	277
0	1600
0	101
0	1839
0	264
0	444
0	120
0	340
0	348
0	175
0	0
0	0
0	360
0	8
0	504
0	862
0	6754
0	755
0	1559
0	69
0	0
0	180
0	114
0	2203
0	94
0	111
0	625
0	8136
0	166
0	299
0	12
0	531
0	122946
0	0
0	123
0	0
0	63
0	0
0	3392
0	0
0	0
0	0
0	120
0	12
0	16
0	13015
0	1875
0	114
0	0
0	15
0	0
0	0
0	138
0	1
0	90
0	0
0	123
0	0
0	308
0	0
0	19
0	412
0	254
0	98
0	0
0	42
0	742
0	319
0	80
0	834
0	2156
0	1475
0	780
0	136
0	7
0	0
0	411
0	111
0	102
0	514
0	900
0	250
0	1
0	2255
0	529
0	0
0	561
0	802
0	0
0	753
0	138
0	176
0	0
0	124
0	3982
0	207
0	108
0	213
0	301
0	201
0	282
0	0
0	3329
0	0
0	598
0	21
0	0
0	0
0	0
0	1467
0	235
0	1056
0	374
0	0
0	0
0	461
0	63
0	767
0	396
0	0
0	1
0	0
0	777
0	224
0	0
0	7359
0	198
0	152
0	62
0	108
0	3815
0	0
0	117
0	191
0	192
0	0
0	317
0	42
0	204
0	105
0	4924
0	54
0	3520
0	14
0	4413
0	26
0	139
0	0
0	0
0	120
0	189
0	3
0	8974
0	0
0	469
0	75
0	480
0	0
0	0
0	19
0	25
0	74
0	0
0	0
0	3873
0	202
0	0
0	2225
0	48
0	7847
0	0
0	123
0	886
0	545
0	14463
0	1
0	517
0	0
0	217
0	571
0	280
0	569
0	0
0	616
0	1576
0	0
0	1
0	1067
0	26
0	40
0	0
0	1111
0	71
0	6008
0	52
0	80
0	81
0	506
0	311
0	58
0	1
0	337
0	0
0	146
0	658
0	133
0	321
0	0
0	270
0	0
0	0
0	2609
0	203
0	74
0	0
0	55
0	5648
0	1302
0	2029
0	6652
0	72
0	409
0	725
0	50
0	330
0	44
0	0
0	301
0	707
0	461
0	413
0	0
0	814
0	32
0	471
0	0
0	28
0	19084
0	351
0	876
0	2418
0	152
0	69
0	498
0	0
0	0
0	0
0	2802
0	0
0	0
0	39
0	95
0	27
0	217
0	443
0	206
0	0
0	954
0	1063
0	852
0	304
0	244
0	98
0	135
0	116
0	19
0	1278
0	61
0	49
0	983
0	46
0	528
0	59
0	0
0	0
0	1
0	288
0	388
0	79
0	326
0	53
0	517
0	0
0	1446
0	642
0	151
0	2093
0	0
0	53
0	83
0	68
0	3302
0	0
0	3122
0	198
0	0
0	580
0	89
0	4860
0	0
0	432
0	5434
0	1594
0	146
0	0
0	745
0	0
0	197
0	3189
0	0
0	227
0	0
0	466
0	203
0	159
0	360
0	187
0	281
0	49
0	41
0	208
0	0
0	1
0	1516
0	391
0	496
0	532
0	364
0	710
0	22
0	241
0	14
0	893
0	690
0	796
0	458
0	1650
0	307
0	11
0	1
0	0
0	1899
0	774
0	931
0	26
0	492
0	359
0	238
0	17925
0	1
0	1525
0	7
0	192
0	52175
0	1117
0	37
0	39
0	28
0	0
0	102
0	119
0	0
0	3
0	256
0	0
0	483
0	566
0	28
0	113
0	197
0	199
0	91
0	48
0	4
0	7
0	0
0	0
0	3403
0	0
0	283
0	1
0	0
0	112
0	0
0	470
0	62
0	83
0	1694
0	47
0	1521
0	3786
0	422
0	148
0	252
0	93
0	0
0	43
0	213
0	6
0	30
0	18
0	403
0	607
0	1952
0	972
0	183
0	96
0	310
0	873
0	329
0	0
0	4
0	63
0	193
0	114
0	274
0	173
0	0
0	0
0	859
0	11
0	368
0	122
0	4477
0	998
0	35
0	52
0	70
0	2545
0	168
0	267
0	411
0	0
0	102
0	85
0	27545
0	192
0	18
0	0
0	1
0	197
0	186
0	84
0	0
0	424
0	2403
0	1706
0	26
0	75
0	200
0	531
0	1986
0	303
0	4
0	464
0	2676
0	260
0	134
0	462
0	1148
0	1910
0	244
0	282
0	139
0	514
0	2751
0	28
0	0
0	251
0	106
0	325
0	70
0	45
0	168
0	0
0	22873
0	2132
0	5681
0	140
0	61
0	52
0	0
0	777
0	1329
0	73
0	0
0	71
0	106
0	208
0	0
0	243
0	127
0	9
0	242
0	306
0	36341
0	47
0	0
0	640
0	103
0	158
0	29222
0	22
0	190
0	203
0	58
0	2022
0	306
0	231
0	7042
0	0
0	328
0	3523
0	855
0	1
0	2
0	349
0	6814
0	258
0	51
0	1214
0	0
0	1806
0	5
0	238
0	1415
0	449
0	0
0	1026
0	403
0	0
0	0
0	34
0	96
0	691
0	326
0	627
0	0
0	0
0	220
0	0
0	20
0	0
0	87
0	121
0	297
0	2
0	399
0	1
0	0
0	689
0	0
0	0
0	200
0	0
0	53
0	0
0	914
0	50
0	0
0	194
0	1402
0	1
0	133
0	5083
0	149
0	24
0	92
0	41
0	0
0	0
0	57
0	0
0	0
0	9
0	16263
0	0
0	741
0	57
0	173
0	25
0	8
0	0
0	109
0	1028
0	76
0	0
0	522
0	0
0	549
0	32
0	0
0	142
0	60
0	50
0	137
0	389
0	0
